Size,Bubble Sort,Insertion Sort,Merge Sort,Quick Sort,Radix Sort
20000,57.16205889999401,24.515344200015534,0.1335123999742791,0.13432769995415583,0.17615959997056052
