Size,Pivots: 1,Pivots: 2,Pivots: 3,Pivots: 4,Pivots: 5,Pivots: 6,Pivots: 7,Pivots: 8,Pivots: 9,Pivots: 10,Pivots: 11,Pivots: 12,Pivots: 13,Pivots: 14,Pivots: 15,Pivots: 16,Pivots: 17,Pivots: 18,Pivots: 19,Pivots: 20
1000000,3.3666916000074707,2.654801900003804,2.3420623000129126,2.26939269999275,2.1738664000004064,2.107564200006891,2.1585707000049297,2.1485531000071205,2.1113841000187676,2.065227599989157,2.0832220000156667,2.0419489000050817,2.033466699998826,2.0114748000050895,2.1073166000132915,2.0833454000239726,2.073161300009815,2.068868400005158,2.0449761000054423,2.0508316999766976
