Size,Bubble Sort,Insertion Sort,Merge Sort,Quick Sort,Radix Sort
10,4.72e-06,2.92e-06,8.28e-06,4.02e-06,8.43e-06
50,9.871e-05,5.094e-05,5.099e-05,2.675e-05,3.38e-05
100,0.00038567,0.00019163,0.00011159,6.159e-05,6.647e-05
500,0.00979536,0.00500932,0.00065945,0.0004448,0.00042935
1000,0.04194202,0.0206909,0.00147016,0.0009871,0.00086624
3000,0.39538762,0.19155318,0.00469127,0.00417128,0.0025381
