Size,Insertion Sort,Merge Sort,Quick Sort,Radix Sort
20000,24.769699099997524,0.13399199998821132,0.13554829999338835,0.17729710001731291
