Size,Bubble Sort,Insertion Sort,Merge Sort,Quick Sort,Radix Sort
20000,79.06069280701922,32.363926302001346,0.1848522700020112,0.17674915300449356,0.25692637800239027
