Size,binary_search_tree_random,ternary_tree_random,avl_tree_random,sorted_set_random,binary_search_tree_best-case,ternary_tree_best-case,avl_tree_best-case,sorted_set_best-case
16383,0.0557935549877584,0.07803315098863095,0.2691942820092663,0.030027848028112203,0.040902359993197024,0.060018349962774664,0.22307413804810494,0.02443923195824027
