Size,binary_search_tree_random,ternary_tree_random,avl_tree_random,sorted_set_random,binary_search_tree_best-case,ternary_tree_best-case,avl_tree_best-case,sorted_set_best-case
16383,0.030465499992715195,0.03299499998684041,0.02477710001403466,0.0033281000214628875,0.022557200019946322,0.024153699981980026,0.02261090002139099,0.0036020999832544476
