Size,binary_search_tree_random,ternary_tree_random,avl_tree_random,sorted_set_random,binary_search_tree_best-case,ternary_tree_best-case,avl_tree_best-case,sorted_set_best-case
16383,0.030284300009952858,0.04903840000042692,0.137060900015058,0.017994699999690056,0.020332000014605,0.04428939998615533,0.11490129999583587,0.018990799988387153
